{
  "accuracy": 0.972,
  "precision": 0.9657794676806084,
  "recall": 0.9806949806949807,
  "f1": 0.9731800766283525,
  "macro_f1": 0.9719456868497411,
  "entity_precision": 0.8208616780045351,
  "entity_recall": 0.8457943925233645,
  "entity_f1": 0.8331415420023015,
  "entity_tp": 362.0,
  "entity_fp": 79.0,
  "entity_fn": 66.0,
  "invalid_json_rate": 0.0,
  "avg_latency_sec": 2.091848336109659,
  "pred_entities_total": 441.0,
  "pred_entities_in_text": 435.0,
  "hallucinated_entities": 6.0,
  "entity_in_text_rate": 0.9863945578231292,
  "hallucinated_entity_rate": 0.013605442176870748,
  "sample_hallucination_rate": 0.022813688212927757,
  "multi_entity_total": 140.0,
  "multi_entity_errors": 43.0,
  "multi_entity_error_rate": 0.30714285714285716,
  "num_records": 500.0,
  "false_positive_count": 9.0,
  "false_negative_count": 5.0,
  "entity_mismatch_count": 72.0,
  "multi_entity_cases_count": 158.0,
  "hallucinated_entity_cases_count": 6.0
}